Sl no.,District Name,Market Name,Commodity,Variety,Grade,Min Price (Rs./Quintal),Max Price (Rs./Quintal),Modal Price (Rs./Quintal),Price Date
1,Bangalore,"Binny Mill (F&V), Bangalore",Beans,Beans (Whole),FAQ,1600,2000,1800,15-Feb-20
2,Bangalore,"Binny Mill (F&V), Bangalore",Beans,Beans (Whole),FAQ,1400,2000,1800,14-Feb-20
3,Bangalore,"Binny Mill (F&V), Bangalore",Beans,Beans (Whole),FAQ,1600,2000,1800,13-Feb-20
4,Bangalore,"Binny Mill (F&V), Bangalore",Beans,Beans (Whole),FAQ,1600,2000,1800,12-Feb-20
5,Bangalore,"Binny Mill (F&V), Bangalore",Beans,Beans (Whole),FAQ,1600,2000,1800,11-Feb-20
6,Bangalore,"Binny Mill (F&V), Bangalore",Beans,Beans (Whole),FAQ,1600,2000,1800,10-Feb-20
7,Bangalore,"Binny Mill (F&V), Bangalore",Beans,Beans (Whole),FAQ,1600,2000,1800,07-Feb-20
8,Bangalore,"Binny Mill (F&V), Bangalore",Beans,Beans (Whole),FAQ,1800,2200,2000,06-Feb-20
9,Bangalore,"Binny Mill (F&V), Bangalore",Beans,Beans (Whole),FAQ,2000,2600,2300,05-Feb-20
10,Bangalore,"Binny Mill (F&V), Bangalore",Beans,Beans (Whole),FAQ,2000,2600,2300,04-Feb-20
11,Bangalore,"Binny Mill (F&V), Bangalore",Beans,Beans (Whole),FAQ,2000,3000,2500,03-Feb-20
12,Bangalore,"Binny Mill (F&V), Bangalore",Beans,Beans (Whole),FAQ,2500,3500,3000,01-Feb-20
13,Bangalore,"Binny Mill (F&V), Bangalore",Beans,Beans (Whole),FAQ,2600,3200,2800,31-Jan-20
14,Bangalore,"Binny Mill (F&V), Bangalore",Beans,Beans (Whole),FAQ,2800,3200,3000,30-Jan-20
15,Bangalore,"Binny Mill (F&V), Bangalore",Beans,Beans (Whole),FAQ,2000,3000,2500,29-Jan-20
16,Bangalore,"Binny Mill (F&V), Bangalore",Beans,Beans (Whole),FAQ,2200,3200,2800,28-Jan-20
17,Bangalore,"Binny Mill (F&V), Bangalore",Beans,Beans (Whole),FAQ,2500,3500,3000,27-Jan-20
18,Bangalore,"Binny Mill (F&V), Bangalore",Beans,Beans (Whole),FAQ,2000,3000,2500,24-Jan-20
19,Bangalore,"Binny Mill (F&V), Bangalore",Beans,Beans (Whole),FAQ,2000,3000,2500,23-Jan-20
20,Bangalore,"Binny Mill (F&V), Bangalore",Beans,Beans (Whole),FAQ,2400,3000,2800,22-Jan-20
21,Bangalore,"Binny Mill (F&V), Bangalore",Beans,Beans (Whole),FAQ,2000,3000,2500,21-Jan-20
22,Bangalore,"Binny Mill (F&V), Bangalore",Beans,Beans (Whole),FAQ,2500,4000,3000,20-Jan-20
23,Bangalore,"Binny Mill (F&V), Bangalore",Beans,Beans (Whole),FAQ,2500,4000,3000,18-Jan-20
24,Bangalore,"Binny Mill (F&V), Bangalore",Beans,Beans (Whole),FAQ,2500,3500,3000,17-Jan-20
25,Bangalore,"Binny Mill (F&V), Bangalore",Beans,Beans (Whole),FAQ,3000,4500,3500,16-Jan-20
26,Bangalore,"Binny Mill (F&V), Bangalore",Beans,Beans (Whole),FAQ,3500,4500,4000,14-Jan-20
27,Bangalore,"Binny Mill (F&V), Bangalore",Beans,Beans (Whole),FAQ,3000,4000,3500,13-Jan-20
28,Bangalore,"Binny Mill (F&V), Bangalore",Beans,Beans (Whole),FAQ,2500,3500,3000,10-Jan-20
29,Bangalore,"Binny Mill (F&V), Bangalore",Beans,Beans (Whole),FAQ,2500,3000,2800,09-Jan-20
30,Bangalore,"Binny Mill (F&V), Bangalore",Beans,Beans (Whole),FAQ,2500,3000,2800,08-Jan-20
31,Bangalore,"Binny Mill (F&V), Bangalore",Beans,Beans (Whole),FAQ,2500,3500,3000,07-Jan-20
32,Bangalore,"Binny Mill (F&V), Bangalore",Beans,Beans (Whole),FAQ,2500,3500,3000,06-Jan-20
33,Bangalore,"Binny Mill (F&V), Bangalore",Beans,Beans (Whole),FAQ,2500,3500,3000,04-Jan-20
34,Bangalore,"Binny Mill (F&V), Bangalore",Beans,Beans (Whole),FAQ,2000,3000,2500,03-Jan-20
35,Bangalore,"Binny Mill (F&V), Bangalore",Beans,Beans (Whole),FAQ,2500,3000,2800,02-Jan-20
36,Bangalore,"Binny Mill (F&V), Bangalore",Beans,Beans (Whole),FAQ,2000,3000,2500,01-Jan-20
,Bangalore,"Binny Mill (F&V), Bangalore",Beans,Beans (Whole),FAQ,2500,3000,2800,31-Dec-19
,Bangalore,"Binny Mill (F&V), Bangalore",Beans,Beans (Whole),FAQ,2500,3000,2800,30-Dec-19
,Bangalore,"Binny Mill (F&V), Bangalore",Beans,Beans (Whole),FAQ,2500,3500,3000,27-Dec-19
,Bangalore,"Binny Mill (F&V), Bangalore",Beans,Beans (Whole),FAQ,2500,3500,3000,26-Dec-19
,Bangalore,"Binny Mill (F&V), Bangalore",Beans,Beans (Whole),FAQ,2500,3500,3000,24-Dec-19
,Bangalore,"Binny Mill (F&V), Bangalore",Beans,Beans (Whole),FAQ,2500,3500,3000,23-Dec-19
,Bangalore,"Binny Mill (F&V), Bangalore",Beans,Beans (Whole),FAQ,2500,3500,3000,21-Dec-19
,Bangalore,"Binny Mill (F&V), Bangalore",Beans,Beans (Whole),FAQ,3000,4000,3500,20-Dec-19
,Bangalore,"Binny Mill (F&V), Bangalore",Beans,Beans (Whole),FAQ,2500,4000,3000,19-Dec-19
,Bangalore,"Binny Mill (F&V), Bangalore",Beans,Beans (Whole),FAQ,1600,2000,1800,18-Dec-19
,Bangalore,"Binny Mill (F&V), Bangalore",Beans,Beans (Whole),FAQ,2500,4000,3200,17-Dec-19
,Bangalore,"Binny Mill (F&V), Bangalore",Beans,Beans (Whole),FAQ,3000,4000,3500,16-Dec-19
,Bangalore,"Binny Mill (F&V), Bangalore",Beans,Beans (Whole),FAQ,2500,4000,3000,13-Dec-19
,Bangalore,"Binny Mill (F&V), Bangalore",Beans,Beans (Whole),FAQ,2500,4000,3000,12-Dec-19
,Bangalore,"Binny Mill (F&V), Bangalore",Beans,Beans (Whole),FAQ,3000,5000,4000,11-Dec-19
,Bangalore,"Binny Mill (F&V), Bangalore",Beans,Beans (Whole),FAQ,3000,4500,3500,10-Dec-19
,Bangalore,"Binny Mill (F&V), Bangalore",Beans,Beans (Whole),FAQ,2500,3500,3000,09-Dec-19
,Bangalore,"Binny Mill (F&V), Bangalore",Beans,Beans (Whole),FAQ,2500,3500,3000,07-Dec-19
,Bangalore,"Binny Mill (F&V), Bangalore",Beans,Beans (Whole),FAQ,2000,3000,2500,06-Dec-19
,Bangalore,"Binny Mill (F&V), Bangalore",Beans,Beans (Whole),FAQ,2000,3000,2500,05-Dec-19
,Bangalore,"Binny Mill (F&V), Bangalore",Beans,Beans (Whole),FAQ,2000,3500,2500,04-Dec-19
,Bangalore,"Binny Mill (F&V), Bangalore",Beans,Beans (Whole),FAQ,2000,3000,2500,03-Dec-19
,Bangalore,"Binny Mill (F&V), Bangalore",Beans,Beans (Whole),FAQ,2500,3500,3000,02-Dec-19
,Bangalore,"Binny Mill (F&V), Bangalore",Beans,Beans (Whole),FAQ,2400,3000,2800,30-Nov-19
,Bangalore,"Binny Mill (F&V), Bangalore",Beans,Beans (Whole),FAQ,2000,3000,2500,29-Nov-19
,Bangalore,"Binny Mill (F&V), Bangalore",Beans,Beans (Whole),FAQ,2000,3000,2500,28-Nov-19
,Bangalore,"Binny Mill (F&V), Bangalore",Beans,Beans (Whole),FAQ,2000,3000,2500,27-Nov-19
,Bangalore,"Binny Mill (F&V), Bangalore",Beans,Beans (Whole),FAQ,2000,3000,2500,26-Nov-19
,Bangalore,"Binny Mill (F&V), Bangalore",Beans,Beans (Whole),FAQ,2000,3000,2500,25-Nov-19
,Bangalore,"Binny Mill (F&V), Bangalore",Beans,Beans (Whole),FAQ,2000,3000,2500,22-Nov-19
,Bangalore,"Binny Mill (F&V), Bangalore",Beans,Beans (Whole),FAQ,2000,3500,2500,21-Nov-19
,Bangalore,"Binny Mill (F&V), Bangalore",Beans,Beans (Whole),FAQ,2500,3500,3000,20-Nov-19
,Bangalore,"Binny Mill (F&V), Bangalore",Beans,Beans (Whole),FAQ,2000,3300,2500,19-Nov-19
,Bangalore,"Binny Mill (F&V), Bangalore",Beans,Beans (Whole),FAQ,2000,3000,2500,18-Nov-19
,Bangalore,"Binny Mill (F&V), Bangalore",Beans,Beans (Whole),FAQ,2000,3000,2500,16-Nov-19
,Bangalore,"Binny Mill (F&V), Bangalore",Beans,Beans (Whole),FAQ,2500,3500,3000,14-Nov-19
,Bangalore,"Binny Mill (F&V), Bangalore",Beans,Beans (Whole),FAQ,2500,3500,3000,13-Nov-19
,Bangalore,"Binny Mill (F&V), Bangalore",Beans,Beans (Whole),FAQ,2000,3000,2500,12-Nov-19
,Bangalore,"Binny Mill (F&V), Bangalore",Beans,Beans (Whole),FAQ,2500,3000,2800,11-Nov-19
,Bangalore,"Binny Mill (F&V), Bangalore",Beans,Beans (Whole),FAQ,2500,4000,3000,08-Nov-19
,Bangalore,"Binny Mill (F&V), Bangalore",Beans,Beans (Whole),FAQ,2500,4000,3000,07-Nov-19
,Bangalore,"Binny Mill (F&V), Bangalore",Beans,Beans (Whole),FAQ,2500,4000,3000,06-Nov-19
,Bangalore,"Binny Mill (F&V), Bangalore",Beans,Beans (Whole),FAQ,2000,3000,2500,05-Nov-19
,Bangalore,"Binny Mill (F&V), Bangalore",Beans,Beans (Whole),FAQ,2000,3000,2800,04-Nov-19
,Bangalore,"Binny Mill (F&V), Bangalore",Beans,Beans (Whole),FAQ,2000,3000,2500,02-Nov-19
,Bangalore,"Binny Mill (F&V), Bangalore",Beans,Beans (Whole),FAQ,2000,3500,2800,31-Oct-19
,Bangalore,"Binny Mill (F&V), Bangalore",Beans,Beans (Whole),FAQ,2000,4000,3000,30-Oct-19
,Bangalore,"Binny Mill (F&V), Bangalore",Beans,Beans (Whole),FAQ,2000,3000,2500,28-Oct-19
,Bangalore,"Binny Mill (F&V), Bangalore",Beans,Beans (Whole),FAQ,2000,3000,2500,25-Oct-19
,Bangalore,"Binny Mill (F&V), Bangalore",Beans,Beans (Whole),FAQ,2000,3000,2500,24-Oct-19
,Bangalore,"Binny Mill (F&V), Bangalore",Beans,Beans (Whole),FAQ,2500,3500,3000,23-Oct-19
,Bangalore,"Binny Mill (F&V), Bangalore",Beans,Beans (Whole),FAQ,2500,3500,3000,22-Oct-19
,Bangalore,"Binny Mill (F&V), Bangalore",Beans,Beans (Whole),FAQ,2500,3500,3000,21-Oct-19
,Bangalore,"Binny Mill (F&V), Bangalore",Beans,Beans (Whole),FAQ,2000,3000,2500,19-Oct-19
,Bangalore,"Binny Mill (F&V), Bangalore",Beans,Beans (Whole),FAQ,2500,3500,3000,18-Oct-19
,Bangalore,"Binny Mill (F&V), Bangalore",Beans,Beans (Whole),FAQ,3000,5000,4000,17-Oct-19
,Bangalore,"Binny Mill (F&V), Bangalore",Beans,Beans (Whole),FAQ,3000,5000,4000,16-Oct-19
,Bangalore,"Binny Mill (F&V), Bangalore",Beans,Beans (Whole),FAQ,1500,2000,1800,15-Oct-19
,Bangalore,"Binny Mill (F&V), Bangalore",Beans,Beans (Whole),FAQ,3400,5000,4000,14-Oct-19
,Bangalore,"Binny Mill (F&V), Bangalore",Beans,Beans (Whole),FAQ,3000,5000,4000,11-Oct-19
,Bangalore,"Binny Mill (F&V), Bangalore",Beans,Beans (Whole),FAQ,3000,5000,4000,10-Oct-19
,Bangalore,"Binny Mill (F&V), Bangalore",Beans,Beans (Whole),FAQ,2600,3400,3000,09-Oct-19
,Bangalore,"Binny Mill (F&V), Bangalore",Beans,Beans (Whole),FAQ,2800,3500,2800,05-Oct-19
,Bangalore,"Binny Mill (F&V), Bangalore",Beans,Beans (Whole),FAQ,2800,3500,3000,04-Oct-19
,Bangalore,"Binny Mill (F&V), Bangalore",Beans,Beans (Whole),FAQ,2800,3500,3200,03-Oct-19
,Bangalore,"Binny Mill (F&V), Bangalore",Beans,Beans (Whole),FAQ,2500,4000,3000,01-Oct-19
,Bangalore,"Binny Mill (F&V), Bangalore",Beans,Beans (Whole),FAQ,2500,4000,3000,30-Sep-19
,Bangalore,"Binny Mill (F&V), Bangalore",Beans,Beans (Whole),FAQ,3000,4000,3500,27-Sep-19
,Bangalore,"Binny Mill (F&V), Bangalore",Beans,Beans (Whole),FAQ,2500,3500,3000,26-Sep-19
,Bangalore,"Binny Mill (F&V), Bangalore",Beans,Beans (Whole),FAQ,2400,3000,2800,25-Sep-19
,Bangalore,"Binny Mill (F&V), Bangalore",Beans,Beans (Whole),FAQ,2200,3000,2500,24-Sep-19
,Bangalore,"Binny Mill (F&V), Bangalore",Beans,Beans (Whole),FAQ,2000,3000,2500,23-Sep-19
,Bangalore,"Binny Mill (F&V), Bangalore",Beans,Beans (Whole),FAQ,2000,3000,2500,21-Sep-19
,Bangalore,"Binny Mill (F&V), Bangalore",Beans,Beans (Whole),FAQ,2500,3000,2800,20-Sep-19
,Bangalore,"Binny Mill (F&V), Bangalore",Beans,Beans (Whole),FAQ,2500,3500,3000,19-Sep-19
,Bangalore,"Binny Mill (F&V), Bangalore",Beans,Beans (Whole),FAQ,2500,4000,2800,18-Sep-19
,Bangalore,"Binny Mill (F&V), Bangalore",Beans,Beans (Whole),FAQ,2500,4000,3000,17-Sep-19
,Bangalore,"Binny Mill (F&V), Bangalore",Beans,Beans (Whole),FAQ,2500,4000,3000,16-Sep-19
,Bangalore,"Binny Mill (F&V), Bangalore",Beans,Beans (Whole),FAQ,2500,4000,3000,13-Sep-19
,Bangalore,"Binny Mill (F&V), Bangalore",Beans,Beans (Whole),FAQ,3000,4500,3500,12-Sep-19
,Bangalore,"Binny Mill (F&V), Bangalore",Beans,Beans (Whole),FAQ,3000,4000,3500,11-Sep-19
,Bangalore,"Binny Mill (F&V), Bangalore",Beans,Beans (Whole),FAQ,2500,4000,3000,09-Sep-19
,Bangalore,"Binny Mill (F&V), Bangalore",Beans,Beans (Whole),FAQ,3000,4000,3500,07-Sep-19
,Bangalore,"Binny Mill (F&V), Bangalore",Beans,Beans (Whole),FAQ,3000,4500,3500,06-Sep-19
,Bangalore,"Binny Mill (F&V), Bangalore",Beans,Beans (Whole),FAQ,3000,4500,3500,05-Sep-19
,Bangalore,"Binny Mill (F&V), Bangalore",Beans,Beans (Whole),FAQ,2500,4000,3000,04-Sep-19
,Bangalore,"Binny Mill (F&V), Bangalore",Beans,Beans (Whole),FAQ,2500,4000,3000,03-Sep-19
,Bangalore,"Binny Mill (F&V), Bangalore",Beans,Beans (Whole),FAQ,2500,4500,3500,31-Aug-19
,Bangalore,"Binny Mill (F&V), Bangalore",Beans,Beans (Whole),FAQ,2500,3500,3000,30-Aug-19
,Bangalore,"Binny Mill (F&V), Bangalore",Beans,Beans (Whole),FAQ,3000,4000,3500,29-Aug-19
,Bangalore,"Binny Mill (F&V), Bangalore",Beans,Beans (Whole),FAQ,3000,4000,3500,28-Aug-19
,Bangalore,"Binny Mill (F&V), Bangalore",Beans,Beans (Whole),FAQ,3000,4000,3500,27-Aug-19
,Bangalore,"Binny Mill (F&V), Bangalore",Beans,Beans (Whole),FAQ,3000,4000,3500,26-Aug-19
,Bangalore,"Binny Mill (F&V), Bangalore",Beans,Beans (Whole),FAQ,3000,4000,3500,23-Aug-19
,Bangalore,"Binny Mill (F&V), Bangalore",Beans,Beans (Whole),FAQ,3000,4000,3500,22-Aug-19
,Bangalore,"Binny Mill (F&V), Bangalore",Beans,Beans (Whole),FAQ,2500,3500,3000,21-Aug-19
,Bangalore,"Binny Mill (F&V), Bangalore",Beans,Beans (Whole),FAQ,2500,3500,3000,20-Aug-19
,Bangalore,"Binny Mill (F&V), Bangalore",Beans,Beans (Whole),FAQ,3000,4000,3500,19-Aug-19
,Bangalore,"Binny Mill (F&V), Bangalore",Beans,Beans (Whole),FAQ,2500,3500,3000,17-Aug-19
,Bangalore,"Binny Mill (F&V), Bangalore",Beans,Beans (Whole),FAQ,2600,4000,3000,16-Aug-19
,Bangalore,"Binny Mill (F&V), Bangalore",Beans,Beans (Whole),FAQ,2500,4000,3000,14-Aug-19
,Bangalore,"Binny Mill (F&V), Bangalore",Beans,Beans (Whole),FAQ,2500,3500,3000,13-Aug-19
,Bangalore,"Binny Mill (F&V), Bangalore",Beans,Beans (Whole),FAQ,3000,4000,3500,09-Aug-19
,Bangalore,"Binny Mill (F&V), Bangalore",Beans,Beans (Whole),FAQ,3500,4500,4000,08-Aug-19
,Bangalore,"Binny Mill (F&V), Bangalore",Beans,Beans (Whole),FAQ,3500,4500,4000,07-Aug-19
,Bangalore,"Binny Mill (F&V), Bangalore",Beans,Beans (Whole),FAQ,3000,4000,3500,06-Aug-19
,Bangalore,"Binny Mill (F&V), Bangalore",Beans,Beans (Whole),FAQ,2000,3500,3000,05-Aug-19
,Bangalore,"Binny Mill (F&V), Bangalore",Beans,Beans (Whole),FAQ,2000,3000,2500,03-Aug-19
,Bangalore,"Binny Mill (F&V), Bangalore",Beans,Beans (Whole),FAQ,2000,3000,2500,02-Aug-19
,Bangalore,"Binny Mill (F&V), Bangalore",Beans,Beans (Whole),FAQ,2500,3500,3000,01-Aug-19
,Bangalore,"Binny Mill (F&V), Bangalore",Beans,Beans (Whole),FAQ,2500,3500,3000,31-Jul-19
,Bangalore,"Binny Mill (F&V), Bangalore",Beans,Beans (Whole),FAQ,2500,4000,3000,30-Jul-19
,Bangalore,"Binny Mill (F&V), Bangalore",Beans,Beans (Whole),FAQ,2000,3400,2600,29-Jul-19
,Bangalore,"Binny Mill (F&V), Bangalore",Beans,Beans (Whole),FAQ,2000,3000,2500,26-Jul-19
,Bangalore,"Binny Mill (F&V), Bangalore",Beans,Beans (Whole),FAQ,2500,3500,3000,25-Jul-19
,Bangalore,"Binny Mill (F&V), Bangalore",Beans,Beans (Whole),FAQ,2500,3500,3000,24-Jul-19
,Bangalore,"Binny Mill (F&V), Bangalore",Beans,Beans (Whole),FAQ,2500,3500,3000,23-Jul-19
,Bangalore,"Binny Mill (F&V), Bangalore",Beans,Beans (Whole),FAQ,2500,3500,3000,22-Jul-19
,Bangalore,"Binny Mill (F&V), Bangalore",Beans,Beans (Whole),FAQ,2500,3500,3000,20-Jul-19
,Bangalore,"Binny Mill (F&V), Bangalore",Beans,Beans (Whole),FAQ,3000,4500,3500,19-Jul-19
,Bangalore,"Binny Mill (F&V), Bangalore",Beans,Beans (Whole),FAQ,3000,5000,4000,18-Jul-19
,Bangalore,"Binny Mill (F&V), Bangalore",Beans,Beans (Whole),FAQ,3000,5000,4000,17-Jul-19
,Bangalore,"Binny Mill (F&V), Bangalore",Beans,Beans (Whole),FAQ,3000,5000,4000,16-Jul-19
,Bangalore,"Binny Mill (F&V), Bangalore",Beans,Beans (Whole),FAQ,2500,3000,2800,15-Jul-19
,Bangalore,"Binny Mill (F&V), Bangalore",Beans,Beans (Whole),FAQ,5000,7000,6000,25-Jun-19
,Bangalore,"Binny Mill (F&V), Bangalore",Beans,Beans (Whole),FAQ,5000,7000,6000,21-Jun-19
,Bangalore,"Binny Mill (F&V), Bangalore",Beans,Beans (Whole),FAQ,5000,7000,6000,20-Jun-19
,Bangalore,"Binny Mill (F&V), Bangalore",Beans,Beans (Whole),FAQ,5000,7000,6000,19-Jun-19
,Bangalore,"Binny Mill (F&V), Bangalore",Beans,Beans (Whole),FAQ,5000,7000,6000,18-Jun-19
,Bangalore,"Binny Mill (F&V), Bangalore",Beans,Beans (Whole),FAQ,5000,7000,6000,17-Jun-19
,Bangalore,"Binny Mill (F&V), Bangalore",Beans,Beans (Whole),FAQ,6000,8000,7000,15-Jun-19
,Bangalore,"Binny Mill (F&V), Bangalore",Beans,Beans (Whole),FAQ,6000,8000,7000,14-Jun-19
,Bangalore,"Binny Mill (F&V), Bangalore",Beans,Beans (Whole),FAQ,6000,8000,7000,13-Jun-19
,Bangalore,"Binny Mill (F&V), Bangalore",Beans,Beans (Whole),FAQ,6000,8000,7000,11-Jun-19
,Bangalore,"Binny Mill (F&V), Bangalore",Beans,Beans (Whole),FAQ,5000,7000,6000,07-Jun-19
,Bangalore,"Binny Mill (F&V), Bangalore",Beans,Beans (Whole),FAQ,5000,8000,7000,06-Jun-19
,Bangalore,"Binny Mill (F&V), Bangalore",Beans,Beans (Whole),FAQ,5000,8000,6500,04-Jun-19
,Bangalore,"Binny Mill (F&V), Bangalore",Beans,Beans (Whole),FAQ,5000,8000,6500,03-Jun-19
,Bangalore,"Binny Mill (F&V), Bangalore",Beans,Beans (Whole),FAQ,5000,7000,6000,01-Jun-19
,Bangalore,"Binny Mill (F&V), Bangalore",Beans,Beans (Whole),FAQ,5000,7000,6000,31-May-19
,Bangalore,"Binny Mill (F&V), Bangalore",Beans,Beans (Whole),FAQ,5000,7000,6000,30-May-19
,Bangalore,"Binny Mill (F&V), Bangalore",Beans,Beans (Whole),FAQ,4000,7000,5000,29-May-19
,Bangalore,"Binny Mill (F&V), Bangalore",Beans,Beans (Whole),FAQ,4000,7000,5000,28-May-19
,Bangalore,"Binny Mill (F&V), Bangalore",Beans,Beans (Whole),FAQ,4000,6000,5000,27-May-19
,Bangalore,"Binny Mill (F&V), Bangalore",Beans,Beans (Whole),FAQ,4000,6000,5000,25-May-19
,Bangalore,"Binny Mill (F&V), Bangalore",Beans,Beans (Whole),FAQ,4000,6000,5000,24-May-19
,Bangalore,"Binny Mill (F&V), Bangalore",Beans,Beans (Whole),FAQ,5000,7000,6000,22-May-19
,Bangalore,"Binny Mill (F&V), Bangalore",Beans,Beans (Whole),FAQ,5000,7000,6000,20-May-19
,Bangalore,"Binny Mill (F&V), Bangalore",Beans,Beans (Whole),FAQ,5000,7000,6000,18-May-19
,Bangalore,"Binny Mill (F&V), Bangalore",Beans,Beans (Whole),FAQ,5000,7000,6000,17-May-19
,Bangalore,"Binny Mill (F&V), Bangalore",Beans,Beans (Whole),FAQ,5000,7000,6000,16-May-19
,Bangalore,"Binny Mill (F&V), Bangalore",Beans,Beans (Whole),FAQ,5000,8000,7000,15-May-19
,Bangalore,"Binny Mill (F&V), Bangalore",Beans,Beans (Whole),FAQ,5000,8000,6500,14-May-19
,Bangalore,"Binny Mill (F&V), Bangalore",Beans,Beans (Whole),FAQ,5000,7000,6000,13-May-19
,Bangalore,"Binny Mill (F&V), Bangalore",Beans,Beans (Whole),FAQ,5000,8000,6500,10-May-19
,Bangalore,"Binny Mill (F&V), Bangalore",Beans,Beans (Whole),FAQ,5000,8000,6000,09-May-19
,Bangalore,"Binny Mill (F&V), Bangalore",Beans,Beans (Whole),FAQ,5000,8000,7000,08-May-19
,Bangalore,"Binny Mill (F&V), Bangalore",Beans,Beans (Whole),FAQ,5000,8000,6000,06-May-19
,Bangalore,"Binny Mill (F&V), Bangalore",Beans,Beans (Whole),FAQ,5000,8000,6000,04-May-19
,Bangalore,"Binny Mill (F&V), Bangalore",Beans,Beans (Whole),FAQ,5000,7000,6000,03-May-19
,Bangalore,"Binny Mill (F&V), Bangalore",Beans,Beans (Whole),FAQ,5000,7000,6000,02-May-19
,Bangalore,"Binny Mill (F&V), Bangalore",Beans,Beans (Whole),FAQ,5000,7000,6000,30-Apr-19
,Bangalore,"Binny Mill (F&V), Bangalore",Beans,Beans (Whole),FAQ,5000,7000,6000,29-Apr-19
,Bangalore,"Binny Mill (F&V), Bangalore",Beans,Beans (Whole),FAQ,5000,7000,6000,27-Apr-19
,Bangalore,"Binny Mill (F&V), Bangalore",Beans,Beans (Whole),FAQ,5000,7000,6000,26-Apr-19
,Bangalore,"Binny Mill (F&V), Bangalore",Beans,Beans (Whole),FAQ,5000,7000,6000,25-Apr-19
,Bangalore,"Binny Mill (F&V), Bangalore",Beans,Beans (Whole),FAQ,5000,7000,6000,24-Apr-19
,Bangalore,"Binny Mill (F&V), Bangalore",Beans,Beans (Whole),FAQ,6000,8000,7000,23-Apr-19
,Bangalore,"Binny Mill (F&V), Bangalore",Beans,Beans (Whole),FAQ,6000,8000,7000,22-Apr-19
,Bangalore,"Binny Mill (F&V), Bangalore",Beans,Beans (Whole),FAQ,6000,8000,7000,20-Apr-19
,Bangalore,"Binny Mill (F&V), Bangalore",Beans,Beans (Whole),FAQ,6000,8000,7000,16-Apr-19
,Bangalore,"Binny Mill (F&V), Bangalore",Beans,Beans (Whole),FAQ,6000,8000,7000,15-Apr-19
,Bangalore,"Binny Mill (F&V), Bangalore",Beans,Beans (Whole),FAQ,5000,7000,6000,12-Apr-19
,Bangalore,"Binny Mill (F&V), Bangalore",Beans,Beans (Whole),FAQ,5000,7000,6000,11-Apr-19
,Bangalore,"Binny Mill (F&V), Bangalore",Beans,Beans (Whole),FAQ,5000,7000,6000,10-Apr-19
,Bangalore,"Binny Mill (F&V), Bangalore",Beans,Beans (Whole),FAQ,5000,7000,6000,09-Apr-19
,Bangalore,"Binny Mill (F&V), Bangalore",Beans,Beans (Whole),FAQ,5000,8000,6000,08-Apr-19
,Bangalore,"Binny Mill (F&V), Bangalore",Beans,Beans (Whole),FAQ,4000,7000,6000,05-Apr-19
,Bangalore,"Binny Mill (F&V), Bangalore",Beans,Beans (Whole),FAQ,4000,6000,5000,04-Apr-19
,Bangalore,"Binny Mill (F&V), Bangalore",Beans,Beans (Whole),FAQ,4000,7000,5000,03-Apr-19
,Bangalore,"Binny Mill (F&V), Bangalore",Beans,Beans (Whole),FAQ,4000,7000,5000,02-Apr-19
,Bangalore,"Binny Mill (F&V), Bangalore",Beans,Beans (Whole),FAQ,5000,7000,6000,01-Apr-19
,Bangalore,"Binny Mill (F&V), Bangalore",Beans,Beans (Whole),FAQ,5000,7000,6000,30-Mar-19
,Bangalore,"Binny Mill (F&V), Bangalore",Beans,Beans (Whole),FAQ,4000,6000,5000,29-Mar-19
,Bangalore,"Binny Mill (F&V), Bangalore",Beans,Beans (Whole),FAQ,4000,6000,5000,28-Mar-19
,Bangalore,"Binny Mill (F&V), Bangalore",Beans,Beans (Whole),FAQ,4000,7000,5000,27-Mar-19
,Bangalore,"Binny Mill (F&V), Bangalore",Beans,Beans (Whole),FAQ,4000,7000,5000,26-Mar-19
,Bangalore,"Binny Mill (F&V), Bangalore",Beans,Beans (Whole),FAQ,5000,7000,6000,25-Mar-19
,Bangalore,"Binny Mill (F&V), Bangalore",Beans,Beans (Whole),FAQ,5000,7000,6000,23-Mar-19
,Bangalore,"Binny Mill (F&V), Bangalore",Beans,Beans (Whole),FAQ,5000,7000,6000,22-Mar-19
,Bangalore,"Binny Mill (F&V), Bangalore",Beans,Beans (Whole),FAQ,5000,8000,7000,21-Mar-19
,Bangalore,"Binny Mill (F&V), Bangalore",Beans,Beans (Whole),FAQ,5000,8000,6500,20-Mar-19
,Bangalore,"Binny Mill (F&V), Bangalore",Beans,Beans (Whole),FAQ,5000,8000,7000,19-Mar-19
,Bangalore,"Binny Mill (F&V), Bangalore",Beans,Beans (Whole),FAQ,6000,8000,7000,18-Mar-19
,Bangalore,"Binny Mill (F&V), Bangalore",Beans,Beans (Whole),FAQ,4000,6000,5000,16-Mar-19
,Bangalore,"Binny Mill (F&V), Bangalore",Beans,Beans (Whole),FAQ,2800,4200,3500,15-Mar-19
,Bangalore,"Binny Mill (F&V), Bangalore",Beans,Beans (Whole),FAQ,2800,3600,3200,14-Mar-19
,Bangalore,"Binny Mill (F&V), Bangalore",Beans,Beans (Whole),FAQ,2800,3600,3200,13-Mar-19
,Bangalore,"Binny Mill (F&V), Bangalore",Beans,Beans (Whole),FAQ,3000,4200,3500,12-Mar-19
,Bangalore,"Binny Mill (F&V), Bangalore",Beans,Beans (Whole),FAQ,1000,1600,1300,11-Mar-19
,Bangalore,"Binny Mill (F&V), Bangalore",Beans,Beans (Whole),FAQ,2800,3500,3200,08-Mar-19
,Bangalore,"Binny Mill (F&V), Bangalore",Beans,Beans (Whole),FAQ,3000,4000,3500,07-Mar-19
,Bangalore,"Binny Mill (F&V), Bangalore",Beans,Beans (Whole),FAQ,3500,4500,4000,06-Mar-19
,Bangalore,"Binny Mill (F&V), Bangalore",Beans,Beans (Whole),FAQ,3000,4400,4000,05-Mar-19
,Bangalore,"Binny Mill (F&V), Bangalore",Beans,Beans (Whole),FAQ,2600,4000,3500,02-Mar-19
,Bangalore,"Binny Mill (F&V), Bangalore",Beans,Beans (Whole),FAQ,2800,4000,3400,01-Mar-19
,Bangalore,"Binny Mill (F&V), Bangalore",Beans,Beans (Whole),FAQ,3000,4000,3500,28-Feb-19
,Bangalore,"Binny Mill (F&V), Bangalore",Beans,Beans (Whole),FAQ,2800,4000,3500,27-Feb-19
,Bangalore,"Binny Mill (F&V), Bangalore",Beans,Beans (Whole),FAQ,2400,3200,2800,26-Feb-19
,Bangalore,"Binny Mill (F&V), Bangalore",Beans,Beans (Whole),FAQ,2400,3400,2800,25-Feb-19
,Bangalore,"Binny Mill (F&V), Bangalore",Beans,Beans (Whole),FAQ,2200,2800,2400,23-Feb-19
,Bangalore,"Binny Mill (F&V), Bangalore",Beans,Beans (Whole),FAQ,2000,2600,2300,22-Feb-19
,Bangalore,"Binny Mill (F&V), Bangalore",Beans,Beans (Whole),FAQ,2600,3000,2800,21-Feb-19
,Bangalore,"Binny Mill (F&V), Bangalore",Beans,Beans (Whole),FAQ,2500,3000,2800,20-Feb-19
,Bangalore,"Binny Mill (F&V), Bangalore",Beans,Beans (Whole),FAQ,2400,3000,2800,19-Feb-19
,Bangalore,"Binny Mill (F&V), Bangalore",Beans,Beans (Whole),FAQ,2400,3000,2800,18-Feb-19
,Bangalore,"Binny Mill (F&V), Bangalore",Beans,Beans (Whole),FAQ,2600,3200,2800,16-Feb-19
,Bangalore,"Binny Mill (F&V), Bangalore",Beans,Beans (Whole),FAQ,2800,3200,3000,15-Feb-19
,Bangalore,"Binny Mill (F&V), Bangalore",Beans,Beans (Whole),FAQ,2600,3200,3000,14-Feb-19
,Bangalore,"Binny Mill (F&V), Bangalore",Beans,Beans (Whole),FAQ,2400,3400,2800,13-Feb-19
,Bangalore,"Binny Mill (F&V), Bangalore",Beans,Beans (Whole),FAQ,2400,3000,2800,12-Feb-19
,Bangalore,"Binny Mill (F&V), Bangalore",Beans,Beans (Whole),FAQ,2400,3000,2800,11-Feb-19
,Bangalore,"Binny Mill (F&V), Bangalore",Beans,Beans (Whole),FAQ,2600,3200,2800,08-Feb-19
,Bangalore,"Binny Mill (F&V), Bangalore",Beans,Beans (Whole),FAQ,2600,3000,2800,07-Feb-19
,Bangalore,"Binny Mill (F&V), Bangalore",Beans,Beans (Whole),FAQ,2600,3200,2800,06-Feb-19
,Bangalore,"Binny Mill (F&V), Bangalore",Beans,Beans (Whole),FAQ,2400,3200,2800,05-Feb-19
,Bangalore,"Binny Mill (F&V), Bangalore",Beans,Beans (Whole),FAQ,2600,3500,3000,04-Feb-19
,Bangalore,"Binny Mill (F&V), Bangalore",Beans,Beans (Whole),FAQ,2400,3000,2800,02-Feb-19
,Bangalore,"Binny Mill (F&V), Bangalore",Beans,Beans (Whole),FAQ,2000,2400,2200,01-Feb-19
,Bangalore,"Binny Mill (F&V), Bangalore",Beans,Beans (Whole),FAQ,2400,3000,2800,31-Jan-19
,Bangalore,"Binny Mill (F&V), Bangalore",Beans,Beans (Whole),FAQ,2800,3000,2900,30-Jan-19
,Bangalore,"Binny Mill (F&V), Bangalore",Beans,Beans (Whole),FAQ,2600,3200,2800,29-Jan-19
,Bangalore,"Binny Mill (F&V), Bangalore",Beans,Beans (Whole),FAQ,2800,3300,3000,28-Jan-19
,Bangalore,"Binny Mill (F&V), Bangalore",Beans,Beans (Whole),FAQ,2000,2600,2400,25-Jan-19
,Bangalore,"Binny Mill (F&V), Bangalore",Beans,Beans (Whole),FAQ,2000,2600,2300,24-Jan-19
,Bangalore,"Binny Mill (F&V), Bangalore",Beans,Beans (Whole),FAQ,2200,2600,2400,23-Jan-19
,Bangalore,"Binny Mill (F&V), Bangalore",Beans,Beans (Whole),FAQ,2200,3000,2500,21-Jan-19
,Bangalore,"Binny Mill (F&V), Bangalore",Beans,Beans (Whole),FAQ,2800,4000,3400,19-Jan-19
,Bangalore,"Binny Mill (F&V), Bangalore",Beans,Beans (Whole),FAQ,2800,4000,3400,18-Jan-19
,Bangalore,"Binny Mill (F&V), Bangalore",Beans,Beans (Whole),FAQ,2800,4000,3600,17-Jan-19
,Bangalore,"Binny Mill (F&V), Bangalore",Beans,Beans (Whole),FAQ,2600,3400,3000,16-Jan-19
,Bangalore,"Binny Mill (F&V), Bangalore",Beans,Beans (Whole),FAQ,2600,4000,3000,14-Jan-19
,Bangalore,"Binny Mill (F&V), Bangalore",Beans,Beans (Whole),FAQ,2800,4000,3200,11-Jan-19
,Bangalore,"Binny Mill (F&V), Bangalore",Beans,Beans (Whole),FAQ,3000,4000,3500,09-Jan-19
,Bangalore,"Binny Mill (F&V), Bangalore",Beans,Beans (Whole),FAQ,3000,4000,3500,08-Jan-19
,Bangalore,"Binny Mill (F&V), Bangalore",Beans,Beans (Whole),FAQ,2200,3200,2800,07-Jan-19
,Bangalore,"Binny Mill (F&V), Bangalore",Beans,Beans (Whole),FAQ,1600,2000,1800,05-Jan-19
,Bangalore,"Binny Mill (F&V), Bangalore",Beans,Beans (Whole),FAQ,1400,2200,1600,03-Jan-19
,Bangalore,"Binny Mill (F&V), Bangalore",Beans,Beans (Whole),FAQ,1400,2000,1800,02-Jan-19
,Bangalore,"Binny Mill (F&V), Bangalore",Beans,Beans (Whole),FAQ,1300,2000,1600,01-Jan-19
,Bangalore,"Binny Mill (F&V), Bangalore",Beans,Beans (Whole),FAQ,1200,1800,1500,31-Dec-18
,Bangalore,"Binny Mill (F&V), Bangalore",Beans,Beans (Whole),FAQ,1400,2000,1800,29-Dec-18
,Bangalore,"Binny Mill (F&V), Bangalore",Beans,Beans (Whole),FAQ,1200,2000,1500,28-Dec-18
,Bangalore,"Binny Mill (F&V), Bangalore",Beans,Beans (Whole),FAQ,1000,1800,1400,27-Dec-18
,Bangalore,"Binny Mill (F&V), Bangalore",Beans,Beans (Whole),FAQ,1200,1800,1500,26-Dec-18
,Bangalore,"Binny Mill (F&V), Bangalore",Beans,Beans (Whole),FAQ,2000,2600,2300,24-Dec-18
,Bangalore,"Binny Mill (F&V), Bangalore",Beans,Beans (Whole),FAQ,2000,2800,2400,22-Dec-18
,Bangalore,"Binny Mill (F&V), Bangalore",Beans,Beans (Whole),FAQ,2000,2800,2400,21-Dec-18
,Bangalore,"Binny Mill (F&V), Bangalore",Beans,Beans (Whole),FAQ,2400,3000,2600,20-Dec-18
,Bangalore,"Binny Mill (F&V), Bangalore",Beans,Beans (Whole),FAQ,2400,3000,2600,19-Dec-18
,Bangalore,"Binny Mill (F&V), Bangalore",Beans,Beans (Whole),FAQ,2400,3000,2800,18-Dec-18
,Bangalore,"Binny Mill (F&V), Bangalore",Beans,Beans (Whole),FAQ,2600,3000,2800,17-Dec-18
,Bangalore,"Binny Mill (F&V), Bangalore",Beans,Beans (Whole),FAQ,2800,3200,3000,15-Dec-18
,Bangalore,"Binny Mill (F&V), Bangalore",Beans,Beans (Whole),FAQ,2800,3200,3000,14-Dec-18
,Bangalore,"Binny Mill (F&V), Bangalore",Beans,Beans (Whole),FAQ,2800,3200,3000,13-Dec-18
,Bangalore,"Binny Mill (F&V), Bangalore",Beans,Beans (Whole),FAQ,2400,3200,2800,12-Dec-18
,Bangalore,"Binny Mill (F&V), Bangalore",Beans,Beans (Whole),FAQ,2600,3200,2800,11-Dec-18
,Bangalore,"Binny Mill (F&V), Bangalore",Beans,Beans (Whole),FAQ,2400,3000,2800,07-Dec-18
,Bangalore,"Binny Mill (F&V), Bangalore",Beans,Beans (Whole),FAQ,2400,3000,2800,06-Dec-18
,Bangalore,"Binny Mill (F&V), Bangalore",Beans,Beans (Whole),FAQ,2200,3000,2500,03-Dec-18
,Bangalore,"Binny Mill (F&V), Bangalore",Beans,Beans (Whole),FAQ,2400,3000,2800,01-Dec-18
,Bangalore,"Binny Mill (F&V), Bangalore",Beans,Beans (Whole),FAQ,2200,3000,2500,30-Nov-18
,Bangalore,"Binny Mill (F&V), Bangalore",Beans,Beans (Whole),FAQ,2200,2600,2400,28-Nov-18
,Bangalore,"Binny Mill (F&V), Bangalore",Beans,Beans (Whole),FAQ,2200,3000,2500,27-Nov-18
,Bangalore,"Binny Mill (F&V), Bangalore",Beans,Beans (Whole),FAQ,2200,3000,2800,24-Nov-18
,Bangalore,"Binny Mill (F&V), Bangalore",Beans,Beans (Whole),FAQ,2200,3000,2500,22-Nov-18
,Bangalore,"Binny Mill (F&V), Bangalore",Beans,Beans (Whole),FAQ,2000,2800,2400,20-Nov-18
,Bangalore,"Binny Mill (F&V), Bangalore",Beans,Beans (Whole),FAQ,2000,2600,2300,19-Nov-18
,Bangalore,"Binny Mill (F&V), Bangalore",Beans,Beans (Whole),FAQ,2000,2800,2400,17-Nov-18
,Bangalore,"Binny Mill (F&V), Bangalore",Beans,Beans (Whole),FAQ,2000,2600,2300,16-Nov-18
,Bangalore,"Binny Mill (F&V), Bangalore",Beans,Beans (Whole),FAQ,2000,2800,2400,15-Nov-18
,Bangalore,"Binny Mill (F&V), Bangalore",Beans,Beans (Whole),FAQ,2000,3000,2400,13-Nov-18
,Bangalore,"Binny Mill (F&V), Bangalore",Beans,Beans (Whole),FAQ,2000,3000,2500,09-Nov-18
,Bangalore,"Binny Mill (F&V), Bangalore",Beans,Beans (Whole),FAQ,2600,3000,2800,05-Nov-18
,Bangalore,"Binny Mill (F&V), Bangalore",Beans,Beans (Whole),FAQ,2600,3000,2800,03-Nov-18
,Bangalore,"Binny Mill (F&V), Bangalore",Beans,Beans (Whole),FAQ,2500,3000,2800,02-Nov-18
,Bangalore,"Binny Mill (F&V), Bangalore",Beans,Beans (Whole),FAQ,2500,3200,2800,31-Oct-18
,Bangalore,"Binny Mill (F&V), Bangalore",Beans,Beans (Whole),FAQ,2500,3000,2800,30-Oct-18
,Bangalore,"Binny Mill (F&V), Bangalore",Beans,Beans (Whole),FAQ,2500,3500,3000,29-Oct-18
,Bangalore,"Binny Mill (F&V), Bangalore",Beans,Beans (Whole),FAQ,3000,4000,3500,27-Oct-18
,Bangalore,"Binny Mill (F&V), Bangalore",Beans,Beans (Whole),FAQ,2500,3000,2800,26-Oct-18
,Bangalore,"Binny Mill (F&V), Bangalore",Beans,Beans (Whole),FAQ,2500,3500,3000,25-Oct-18
,Bangalore,"Binny Mill (F&V), Bangalore",Beans,Beans (Whole),FAQ,2500,4000,3000,23-Oct-18
,Bangalore,"Binny Mill (F&V), Bangalore",Beans,Beans (Whole),FAQ,2500,4000,3500,22-Oct-18
,Bangalore,"Binny Mill (F&V), Bangalore",Beans,Beans (Whole),FAQ,3500,4200,3800,16-Oct-18
,Bangalore,"Binny Mill (F&V), Bangalore",Beans,Beans (Whole),FAQ,3000,4000,3500,15-Oct-18
,Bangalore,"Binny Mill (F&V), Bangalore",Beans,Beans (Whole),FAQ,1300,1600,1500,12-Oct-18
,Bangalore,"Binny Mill (F&V), Bangalore",Beans,Beans (Whole),FAQ,2800,4000,3500,11-Oct-18
,Bangalore,"Binny Mill (F&V), Bangalore",Beans,Beans (Whole),FAQ,2400,4000,3000,10-Oct-18
,Bangalore,"Binny Mill (F&V), Bangalore",Beans,Beans (Whole),FAQ,1800,2500,2000,06-Oct-18
,Bangalore,"Binny Mill (F&V), Bangalore",Beans,Beans (Whole),FAQ,1600,2400,1800,05-Oct-18
,Bangalore,"Binny Mill (F&V), Bangalore",Beans,Beans (Whole),FAQ,1600,3200,1800,04-Oct-18
,Bangalore,"Binny Mill (F&V), Bangalore",Beans,Beans (Whole),FAQ,1600,2200,1800,03-Oct-18
,Bangalore,"Binny Mill (F&V), Bangalore",Beans,Beans (Whole),FAQ,1400,2200,1900,01-Oct-18
,Bangalore,"Binny Mill (F&V), Bangalore",Beans,Beans (Whole),FAQ,1000,2000,1500,29-Sep-18
,Bangalore,"Binny Mill (F&V), Bangalore",Beans,Beans (Whole),FAQ,1000,1800,1400,28-Sep-18
,Bangalore,"Binny Mill (F&V), Bangalore",Beans,Beans (Whole),FAQ,1200,2000,1500,26-Sep-18
,Bangalore,"Binny Mill (F&V), Bangalore",Beans,Beans (Whole),FAQ,1600,2000,1800,25-Sep-18
,Bangalore,"Binny Mill (F&V), Bangalore",Beans,Beans (Whole),FAQ,1400,2000,1800,24-Sep-18
,Bangalore,"Binny Mill (F&V), Bangalore",Beans,Beans (Whole),FAQ,1400,2000,1800,22-Sep-18
,Bangalore,"Binny Mill (F&V), Bangalore",Beans,Beans (Whole),FAQ,1200,1800,1500,20-Sep-18
,Bangalore,"Binny Mill (F&V), Bangalore",Beans,Beans (Whole),FAQ,1200,2000,1500,19-Sep-18
,Bangalore,"Binny Mill (F&V), Bangalore",Beans,Beans (Whole),FAQ,1400,2000,1800,18-Sep-18
,Bangalore,"Binny Mill (F&V), Bangalore",Beans,Beans (Whole),FAQ,1400,2000,1800,17-Sep-18
,Bangalore,"Binny Mill (F&V), Bangalore",Beans,Beans (Whole),FAQ,1400,2000,1800,14-Sep-18
,Bangalore,"Binny Mill (F&V), Bangalore",Beans,Beans (Whole),FAQ,1600,2200,2000,11-Sep-18
,Bangalore,"Binny Mill (F&V), Bangalore",Beans,Beans (Whole),FAQ,1600,2400,2000,07-Sep-18
,Bangalore,"Binny Mill (F&V), Bangalore",Beans,Beans (Whole),FAQ,1600,2400,2000,06-Sep-18
,Bangalore,"Binny Mill (F&V), Bangalore",Beans,Beans (Whole),FAQ,1600,2200,1800,05-Sep-18
,Bangalore,"Binny Mill (F&V), Bangalore",Beans,Beans (Whole),FAQ,1400,1800,1600,04-Sep-18
,Bangalore,"Binny Mill (F&V), Bangalore",Beans,Beans (Whole),FAQ,2000,2600,2300,03-Sep-18
,Bangalore,"Binny Mill (F&V), Bangalore",Beans,Beans (Whole),FAQ,1400,2000,1800,31-Aug-18
,Bangalore,"Binny Mill (F&V), Bangalore",Beans,Beans (Whole),FAQ,1800,2500,2000,30-Aug-18
,Bangalore,"Binny Mill (F&V), Bangalore",Beans,Beans (Whole),FAQ,2000,2500,2300,29-Aug-18
,Bangalore,"Binny Mill (F&V), Bangalore",Beans,Beans (Whole),FAQ,2600,3500,2800,28-Aug-18
,Bangalore,"Binny Mill (F&V), Bangalore",Beans,Beans (Whole),FAQ,2400,3000,2700,27-Aug-18
,Bangalore,"Binny Mill (F&V), Bangalore",Beans,Beans (Whole),FAQ,2500,3000,2800,25-Aug-18
,Bangalore,"Binny Mill (F&V), Bangalore",Beans,Beans (Whole),FAQ,2500,3500,3000,24-Aug-18
,Bangalore,"Binny Mill (F&V), Bangalore",Beans,Beans (Whole),FAQ,2500,3500,3000,23-Aug-18
,Bangalore,"Binny Mill (F&V), Bangalore",Beans,Beans (Whole),FAQ,2600,3500,3000,21-Aug-18
,Bangalore,"Binny Mill (F&V), Bangalore",Beans,Beans (Whole),FAQ,2400,3000,2800,20-Aug-18
,Bangalore,"Binny Mill (F&V), Bangalore",Beans,Beans (Whole),FAQ,2400,2600,2500,18-Aug-18
,Bangalore,"Binny Mill (F&V), Bangalore",Beans,Beans (Whole),FAQ,2200,2600,2400,14-Aug-18
,Bangalore,"Binny Mill (F&V), Bangalore",Beans,Beans (Whole),FAQ,2000,2800,2400,09-Aug-18
,Bangalore,"Binny Mill (F&V), Bangalore",Beans,Beans (Whole),FAQ,2000,2600,2300,08-Aug-18
,Bangalore,"Binny Mill (F&V), Bangalore",Beans,Beans (Whole),FAQ,2000,2800,2400,07-Aug-18
,Bangalore,"Binny Mill (F&V), Bangalore",Beans,Beans (Whole),FAQ,2300,2600,2400,02-Aug-18
,Bangalore,"Binny Mill (F&V), Bangalore",Beans,Beans (Whole),FAQ,2400,2800,2600,01-Aug-18
,Bangalore,"Binny Mill (F&V), Bangalore",Beans,Beans (Whole),FAQ,2000,2800,2600,30-Jul-18
,Bangalore,"Binny Mill (F&V), Bangalore",Beans,Beans (Whole),FAQ,2000,3000,2500,27-Jul-18
,Bangalore,"Binny Mill (F&V), Bangalore",Beans,Beans (Whole),FAQ,2000,3000,2500,26-Jul-18
,Bangalore,"Binny Mill (F&V), Bangalore",Beans,Beans (Whole),FAQ,2100,2400,2300,25-Jul-18
,Bangalore,"Binny Mill (F&V), Bangalore",Beans,Beans (Whole),FAQ,2000,2400,2200,24-Jul-18
,Bangalore,"Binny Mill (F&V), Bangalore",Beans,Beans (Whole),FAQ,2000,2500,2300,23-Jul-18
,Bangalore,"Binny Mill (F&V), Bangalore",Beans,Beans (Whole),FAQ,2400,3400,3000,21-Jul-18
,Bangalore,"Binny Mill (F&V), Bangalore",Beans,Beans (Whole),FAQ,2800,3500,3000,20-Jul-18
,Bangalore,"Binny Mill (F&V), Bangalore",Beans,Beans (Whole),FAQ,2500,3500,3000,19-Jul-18
,Bangalore,"Binny Mill (F&V), Bangalore",Beans,Beans (Whole),FAQ,2500,3500,3000,17-Jul-18
,Bangalore,"Binny Mill (F&V), Bangalore",Beans,Beans (Whole),FAQ,2500,3000,2800,16-Jul-18
,Bangalore,"Binny Mill (F&V), Bangalore",Beans,Beans (Whole),FAQ,2500,3500,3000,13-Jul-18
,Bangalore,"Binny Mill (F&V), Bangalore",Beans,Beans (Whole),FAQ,2500,3500,3000,12-Jul-18
,Bangalore,"Binny Mill (F&V), Bangalore",Beans,Beans (Whole),FAQ,2500,3500,3000,11-Jul-18
,Bangalore,"Binny Mill (F&V), Bangalore",Beans,Beans (Whole),FAQ,2500,4000,3000,10-Jul-18
,Bangalore,"Binny Mill (F&V), Bangalore",Beans,Beans (Whole),FAQ,2500,4000,3000,09-Jul-18
,Bangalore,"Binny Mill (F&V), Bangalore",Beans,Beans (Whole),FAQ,2500,3500,3000,07-Jul-18
,Bangalore,"Binny Mill (F&V), Bangalore",Beans,Beans (Whole),FAQ,2500,4000,3000,05-Jul-18
,Bangalore,"Binny Mill (F&V), Bangalore",Beans,Beans (Whole),FAQ,2500,4000,3000,03-Jul-18
,Bangalore,"Binny Mill (F&V), Bangalore",Beans,Beans (Whole),FAQ,2500,4000,3000,02-Jul-18
,Bangalore,"Binny Mill (F&V), Bangalore",Beans,Beans (Whole),FAQ,2500,4000,3000,30-Jun-18
,Bangalore,"Binny Mill (F&V), Bangalore",Beans,Beans (Whole),FAQ,2500,3500,3000,29-Jun-18
,Bangalore,"Binny Mill (F&V), Bangalore",Beans,Beans (Whole),FAQ,3000,4000,3500,28-Jun-18
,Bangalore,"Binny Mill (F&V), Bangalore",Beans,Beans (Whole),FAQ,3000,3500,3200,27-Jun-18
,Bangalore,"Binny Mill (F&V), Bangalore",Beans,Beans (Whole),FAQ,2500,3500,3000,26-Jun-18
,Bangalore,"Binny Mill (F&V), Bangalore",Beans,Beans (Whole),FAQ,3000,5000,4500,22-Jun-18
,Bangalore,"Binny Mill (F&V), Bangalore",Beans,Beans (Whole),FAQ,3000,5000,4500,21-Jun-18
,Bangalore,"Binny Mill (F&V), Bangalore",Beans,Beans (Whole),FAQ,3000,5000,4000,20-Jun-18
,Bangalore,"Binny Mill (F&V), Bangalore",Beans,Beans (Whole),FAQ,3000,5000,4000,18-Jun-18
,Bangalore,"Binny Mill (F&V), Bangalore",Beans,Beans (Whole),FAQ,3000,5000,3500,15-Jun-18
,Bangalore,"Binny Mill (F&V), Bangalore",Beans,Beans (Whole),FAQ,3000,4000,3500,14-Jun-18
,Bangalore,"Binny Mill (F&V), Bangalore",Beans,Beans (Whole),FAQ,2500,4000,3000,13-Jun-18
,Bangalore,"Binny Mill (F&V), Bangalore",Beans,Beans (Whole),FAQ,2500,3400,3000,12-Jun-18
,Bangalore,"Binny Mill (F&V), Bangalore",Beans,Beans (Whole),FAQ,200,3500,2800,11-Jun-18
,Bangalore,"Binny Mill (F&V), Bangalore",Beans,Beans (Whole),FAQ,2500,3500,3000,08-Jun-18
,Bangalore,"Binny Mill (F&V), Bangalore",Beans,Beans (Whole),FAQ,3000,4000,3500,05-Jun-18
,Bangalore,"Binny Mill (F&V), Bangalore",Beans,Beans (Whole),FAQ,3000,4000,3500,04-Jun-18
,Bangalore,"Binny Mill (F&V), Bangalore",Beans,Beans (Whole),FAQ,2500,4000,3000,02-Jun-18
,Bangalore,"Binny Mill (F&V), Bangalore",Beans,Beans (Whole),FAQ,2500,4000,3500,01-Jun-18
,Bangalore,"Binny Mill (F&V), Bangalore",Beans,Beans (Whole),FAQ,2500,3500,3000,31-May-18
,Bangalore,"Binny Mill (F&V), Bangalore",Beans,Beans (Whole),FAQ,2500,4000,3000,30-May-18
,Bangalore,"Binny Mill (F&V), Bangalore",Beans,Beans (Whole),FAQ,3000,4000,3500,29-May-18
,Bangalore,"Binny Mill (F&V), Bangalore",Beans,Beans (Whole),FAQ,4000,5500,4500,28-May-18
,Bangalore,"Binny Mill (F&V), Bangalore",Beans,Beans (Whole),FAQ,3500,6000,4500,26-May-18
,Bangalore,"Binny Mill (F&V), Bangalore",Beans,Beans (Whole),FAQ,4000,6000,5000,23-May-18
,Bangalore,"Binny Mill (F&V), Bangalore",Beans,Beans (Whole),FAQ,4000,6000,5000,21-May-18
,Bangalore,"Binny Mill (F&V), Bangalore",Beans,Beans (Whole),FAQ,4000,5000,4500,14-May-18
,Bangalore,"Binny Mill (F&V), Bangalore",Beans,Beans (Whole),FAQ,3500,4500,4000,11-May-18
,Bangalore,"Binny Mill (F&V), Bangalore",Beans,Beans (Whole),FAQ,3500,4500,4000,10-May-18
,Bangalore,"Binny Mill (F&V), Bangalore",Beans,Beans (Whole),FAQ,3000,4500,4000,09-May-18
,Bangalore,"Binny Mill (F&V), Bangalore",Beans,Beans (Whole),FAQ,3000,4500,3500,08-May-18
,Bangalore,"Binny Mill (F&V), Bangalore",Beans,Beans (Whole),FAQ,3000,4500,3500,07-May-18
,Bangalore,"Binny Mill (F&V), Bangalore",Beans,Beans (Whole),FAQ,2800,4000,3500,05-May-18
,Bangalore,"Binny Mill (F&V), Bangalore",Beans,Beans (Whole),FAQ,3000,4000,3500,02-May-18
,Bangalore,"Binny Mill (F&V), Bangalore",Beans,Beans (Whole),FAQ,2500,3400,3000,26-Apr-18
,Bangalore,"Binny Mill (F&V), Bangalore",Beans,Beans (Whole),FAQ,2800,3500,3000,19-Apr-18
,Bangalore,"Binny Mill (F&V), Bangalore",Beans,Beans (Whole),FAQ,2500,3500,3000,13-Apr-18
,Bangalore,"Binny Mill (F&V), Bangalore",Beans,Beans (Whole),FAQ,2500,3800,3000,12-Apr-18
,Bangalore,"Binny Mill (F&V), Bangalore",Beans,Beans (Whole),FAQ,3000,4000,3500,10-Apr-18
,Bangalore,"Binny Mill (F&V), Bangalore",Beans,Beans (Whole),FAQ,3000,4000,3500,09-Apr-18
,Bangalore,"Binny Mill (F&V), Bangalore",Beans,Beans (Whole),FAQ,2600,3500,2800,07-Apr-18
,Bangalore,"Binny Mill (F&V), Bangalore",Beans,Beans (Whole),FAQ,2400,3500,3000,05-Apr-18
,Bangalore,"Binny Mill (F&V), Bangalore",Beans,Beans (Whole),FAQ,3000,4500,3500,28-Mar-18
,Bangalore,"Binny Mill (F&V), Bangalore",Beans,Beans (Whole),FAQ,2000,3000,2500,27-Mar-18
,Bangalore,"Binny Mill (F&V), Bangalore",Beans,Beans (Whole),FAQ,1600,2200,1800,26-Mar-18
,Bangalore,"Binny Mill (F&V), Bangalore",Beans,Beans (Whole),FAQ,1300,2000,1500,21-Mar-18
,Bangalore,"Binny Mill (F&V), Bangalore",Beans,Beans (Whole),FAQ,1400,2000,1800,20-Mar-18
,Bangalore,"Binny Mill (F&V), Bangalore",Beans,Beans (Whole),FAQ,1000,1600,1300,17-Mar-18
,Bangalore,"Binny Mill (F&V), Bangalore",Beans,Beans (Whole),FAQ,1600,2200,1800,16-Mar-18
,Bangalore,"Binny Mill (F&V), Bangalore",Beans,Beans (Whole),FAQ,2000,2800,2400,14-Mar-18
,Bangalore,"Binny Mill (F&V), Bangalore",Beans,Beans (Whole),FAQ,2600,3400,2800,12-Mar-18
,Bangalore,"Binny Mill (F&V), Bangalore",Beans,Beans (Whole),FAQ,2000,2800,2400,09-Mar-18
,Bangalore,"Binny Mill (F&V), Bangalore",Beans,Beans (Whole),FAQ,2000,2800,2500,07-Mar-18
,Bangalore,"Binny Mill (F&V), Bangalore",Beans,Beans (Whole),FAQ,2200,2800,2600,06-Mar-18
,Bangalore,"Binny Mill (F&V), Bangalore",Beans,Beans (Whole),FAQ,2000,2800,2400,05-Mar-18
,Bangalore,"Binny Mill (F&V), Bangalore",Beans,Beans (Whole),FAQ,2400,3200,2800,03-Mar-18
,Bangalore,"Binny Mill (F&V), Bangalore",Beans,Beans (Whole),FAQ,2000,2600,2300,02-Mar-18
,Bangalore,"Binny Mill (F&V), Bangalore",Beans,Beans (Whole),FAQ,2000,2600,2300,28-Feb-18
,Bangalore,"Binny Mill (F&V), Bangalore",Beans,Beans (Whole),FAQ,2000,2600,2300,27-Feb-18
,Bangalore,"Binny Mill (F&V), Bangalore",Beans,Beans (Whole),FAQ,2000,2500,2300,26-Feb-18
,Bangalore,"Binny Mill (F&V), Bangalore",Beans,Beans (Whole),FAQ,1800,2400,2000,24-Feb-18
,Bangalore,"Binny Mill (F&V), Bangalore",Beans,Beans (Whole),FAQ,1600,2200,1800,23-Feb-18
,Bangalore,"Binny Mill (F&V), Bangalore",Beans,Beans (Whole),FAQ,1500,2000,1800,22-Feb-18
,Bangalore,"Binny Mill (F&V), Bangalore",Beans,Beans (Whole),FAQ,1400,2000,1800,21-Feb-18
,Bangalore,"Binny Mill (F&V), Bangalore",Beans,Beans (Whole),FAQ,1400,2000,1800,20-Feb-18
,Bangalore,"Binny Mill (F&V), Bangalore",Beans,Beans (Whole),FAQ,1400,2000,1800,19-Feb-18
,Bangalore,"Binny Mill (F&V), Bangalore",Beans,Beans (Whole),FAQ,1200,1800,1500,17-Feb-18
,Bangalore,"Binny Mill (F&V), Bangalore",Beans,Beans (Whole),FAQ,1300,1800,1500,16-Feb-18
,Bangalore,"Binny Mill (F&V), Bangalore",Beans,Beans (Whole),FAQ,1200,1800,1400,15-Feb-18
,Bangalore,"Binny Mill (F&V), Bangalore",Beans,Beans (Whole),FAQ,1400,2000,1800,14-Feb-18
,Bangalore,"Binny Mill (F&V), Bangalore",Beans,Beans (Whole),FAQ,1400,2000,1800,12-Feb-18
,Bangalore,"Binny Mill (F&V), Bangalore",Beans,Beans (Whole),FAQ,1400,1800,1600,09-Feb-18
,Bangalore,"Binny Mill (F&V), Bangalore",Beans,Beans (Whole),FAQ,1400,1800,1600,08-Feb-18
,Bangalore,"Binny Mill (F&V), Bangalore",Beans,Beans (Whole),FAQ,1300,2000,1800,07-Feb-18
,Bangalore,"Binny Mill (F&V), Bangalore",Beans,Beans (Whole),FAQ,1200,1800,1400,06-Feb-18
,Bangalore,"Binny Mill (F&V), Bangalore",Beans,Beans (Whole),FAQ,1000,1600,1300,05-Feb-18
,Bangalore,"Binny Mill (F&V), Bangalore",Beans,Beans (Whole),FAQ,1000,1400,1200,03-Feb-18
,Bangalore,"Binny Mill (F&V), Bangalore",Beans,Beans (Whole),FAQ,1000,1500,1300,02-Feb-18
,Bangalore,"Binny Mill (F&V), Bangalore",Beans,Beans (Whole),FAQ,1000,1500,1300,01-Feb-18
,Bangalore,"Binny Mill (F&V), Bangalore",Beans,Beans (Whole),FAQ,1300,2000,1500,31-Jan-18
,Bangalore,"Binny Mill (F&V), Bangalore",Beans,Beans (Whole),FAQ,1200,2000,1500,30-Jan-18
,Bangalore,"Binny Mill (F&V), Bangalore",Beans,Beans (Whole),FAQ,1000,1600,1300,29-Jan-18
,Bangalore,"Binny Mill (F&V), Bangalore",Beans,Beans (Whole),FAQ,1300,1800,1500,24-Jan-18
,Bangalore,"Binny Mill (F&V), Bangalore",Beans,Beans (Whole),FAQ,1000,1200,1100,23-Jan-18
,Bangalore,"Binny Mill (F&V), Bangalore",Beans,Beans (Whole),FAQ,800,1200,1000,22-Jan-18
,Bangalore,"Binny Mill (F&V), Bangalore",Beans,Beans (Whole),FAQ,800,1200,1000,19-Jan-18
,Bangalore,"Binny Mill (F&V), Bangalore",Beans,Beans (Whole),FAQ,1000,1400,1200,18-Jan-18
,Bangalore,"Binny Mill (F&V), Bangalore",Beans,Beans (Whole),FAQ,1400,1800,1600,17-Jan-18
,Bangalore,"Binny Mill (F&V), Bangalore",Beans,Beans (Whole),FAQ,1200,2000,1600,16-Jan-18
,Bangalore,"Binny Mill (F&V), Bangalore",Beans,Beans (Whole),FAQ,1000,1400,1200,12-Jan-18
,Bangalore,"Binny Mill (F&V), Bangalore",Beans,Beans (Whole),FAQ,1200,1800,1500,11-Jan-18
,Bangalore,"Binny Mill (F&V), Bangalore",Beans,Beans (Whole),FAQ,1000,1500,1300,10-Jan-18
,Bangalore,"Binny Mill (F&V), Bangalore",Beans,Beans (Whole),FAQ,1300,2000,1600,09-Jan-18
,Bangalore,"Binny Mill (F&V), Bangalore",Beans,Beans (Whole),FAQ,1000,1800,1500,08-Jan-18
,Bangalore,"Binny Mill (F&V), Bangalore",Beans,Beans (Whole),FAQ,1000,1500,1300,06-Jan-18
,Bangalore,"Binny Mill (F&V), Bangalore",Beans,Beans (Whole),FAQ,1200,1600,1400,05-Jan-18
,Bangalore,"Binny Mill (F&V), Bangalore",Beans,Beans (Whole),FAQ,1400,1800,1600,04-Jan-18
,Bangalore,"Binny Mill (F&V), Bangalore",Beans,Beans (Whole),FAQ,1600,2000,1800,03-Jan-18
,Bangalore,"Binny Mill (F&V), Bangalore",Beans,Beans (Whole),FAQ,1800,2500,2000,02-Jan-18
,Bangalore,"Binny Mill (F&V), Bangalore",Beans,Beans (Whole),FAQ,1800,2500,2200,01-Jan-18
